type,class,Freq,YEAR
Albany Thicket_Depression,1,45302,1990
Albany Thicket_Depression,2,677,1990
Albany Thicket_Depression,3,624,1990
Albany Thicket_Depression,4,842,1990
Albany Thicket_Depression,5,2907,1990
Albany Thicket_Depression,6,11874,1990
Albany Thicket_Depression,7,63,1990
Albany Thicket_Floodplain,1,51022,1990
Albany Thicket_Floodplain,2,344,1990
Albany Thicket_Floodplain,3,578,1990
Albany Thicket_Floodplain,4,370,1990
Albany Thicket_Floodplain,5,19784,1990
Albany Thicket_Floodplain,6,6,1990
Albany Thicket_Floodplain,7,97,1990
Albany Thicket_Seep,1,10169,1990
Albany Thicket_Seep,2,330,1990
Albany Thicket_Seep,3,340,1990
Albany Thicket_Seep,4,449,1990
Albany Thicket_Seep,5,1547,1990
Albany Thicket_Seep,7,9,1990
Albany Thicket_Unchannelled valley-bottom,1,5467,1990
Albany Thicket_Unchannelled valley-bottom,2,30,1990
Albany Thicket_Unchannelled valley-bottom,3,249,1990
Albany Thicket_Unchannelled valley-bottom,4,295,1990
Albany Thicket_Unchannelled valley-bottom,5,4890,1990
Albany Thicket_Unchannelled valley-bottom,7,27,1990
Bushmanland_Depression,1,8053872,1990
Bushmanland_Depression,2,48391,1990
Bushmanland_Depression,3,2302,1990
Bushmanland_Depression,4,142,1990
Bushmanland_Depression,5,52494,1990
Bushmanland_Depression,6,18977,1990
Bushmanland_Depression,7,190,1990
Bushmanland_Depression,NA,34,1990
Bushmanland_Floodplain,1,485078,1990
Bushmanland_Floodplain,2,1457,1990
Bushmanland_Floodplain,3,175,1990
Bushmanland_Floodplain,4,27,1990
Bushmanland_Floodplain,5,15546,1990
Bushmanland_Floodplain,6,273,1990
Bushmanland_Floodplain,7,62,1990
Bushmanland_Floodplain,NA,449,1990
Bushmanland_Seep,1,41879,1990
Bushmanland_Seep,2,1,1990
Bushmanland_Seep,3,12,1990
Bushmanland_Seep,4,1,1990
Bushmanland_Seep,5,67,1990
Bushmanland_Unchannelled valley-bottom,1,1710595,1990
Bushmanland_Unchannelled valley-bottom,2,49393,1990
Bushmanland_Unchannelled valley-bottom,3,3297,1990
Bushmanland_Unchannelled valley-bottom,5,4674,1990
Bushmanland_Unchannelled valley-bottom,6,132,1990
Central Bushveld_Depression,1,108721,1990
Central Bushveld_Depression,2,4601,1990
Central Bushveld_Depression,3,6489,1990
Central Bushveld_Depression,4,2043,1990
Central Bushveld_Depression,5,4792,1990
Central Bushveld_Depression,6,5006,1990
Central Bushveld_Depression,7,619,1990
Central Bushveld_Floodplain,1,2820527,1990
Central Bushveld_Floodplain,2,297567,1990
Central Bushveld_Floodplain,3,115586,1990
Central Bushveld_Floodplain,4,43039,1990
Central Bushveld_Floodplain,5,594088,1990
Central Bushveld_Floodplain,6,3944,1990
Central Bushveld_Floodplain,7,6601,1990
Central Bushveld_Floodplain,NA,30658,1990
Central Bushveld_Seep,1,314854,1990
Central Bushveld_Seep,2,53725,1990
Central Bushveld_Seep,3,7504,1990
Central Bushveld_Seep,4,20222,1990
Central Bushveld_Seep,5,43069,1990
Central Bushveld_Seep,6,1232,1990
Central Bushveld_Seep,7,4608,1990
Central Bushveld_Unchannelled valley-bottom,1,766679,1990
Central Bushveld_Unchannelled valley-bottom,2,93082,1990
Central Bushveld_Unchannelled valley-bottom,3,20679,1990
Central Bushveld_Unchannelled valley-bottom,4,15921,1990
Central Bushveld_Unchannelled valley-bottom,5,80953,1990
Central Bushveld_Unchannelled valley-bottom,6,2012,1990
Central Bushveld_Unchannelled valley-bottom,7,1185,1990
Drakensberg Grassland_Depression,1,26006,1990
Drakensberg Grassland_Depression,2,564,1990
Drakensberg Grassland_Depression,3,57,1990
Drakensberg Grassland_Depression,4,33,1990
Drakensberg Grassland_Depression,5,597,1990
Drakensberg Grassland_Depression,6,16,1990
Drakensberg Grassland_Depression,7,22,1990
Drakensberg Grassland_Floodplain,1,386346,1990
Drakensberg Grassland_Floodplain,2,16688,1990
Drakensberg Grassland_Floodplain,3,29874,1990
Drakensberg Grassland_Floodplain,4,1013,1990
Drakensberg Grassland_Floodplain,5,164322,1990
Drakensberg Grassland_Floodplain,6,38,1990
Drakensberg Grassland_Floodplain,7,1029,1990
Drakensberg Grassland_Seep,1,265013,1990
Drakensberg Grassland_Seep,2,8805,1990
Drakensberg Grassland_Seep,3,6374,1990
Drakensberg Grassland_Seep,4,1847,1990
Drakensberg Grassland_Seep,5,52604,1990
Drakensberg Grassland_Seep,6,14,1990
Drakensberg Grassland_Seep,7,7323,1990
Drakensberg Grassland_Unchannelled valley-bottom,1,29283,1990
Drakensberg Grassland_Unchannelled valley-bottom,2,3131,1990
Drakensberg Grassland_Unchannelled valley-bottom,3,2682,1990
Drakensberg Grassland_Unchannelled valley-bottom,4,32,1990
Drakensberg Grassland_Unchannelled valley-bottom,5,10105,1990
Drakensberg Grassland_Unchannelled valley-bottom,6,7,1990
Drakensberg Grassland_Unchannelled valley-bottom,7,336,1990
Dry Highveld Grassland_Depression,1,2608449,1990
Dry Highveld Grassland_Depression,2,67563,1990
Dry Highveld Grassland_Depression,3,7136,1990
Dry Highveld Grassland_Depression,4,2279,1990
Dry Highveld Grassland_Depression,5,259192,1990
Dry Highveld Grassland_Depression,6,33096,1990
Dry Highveld Grassland_Depression,7,3460,1990
Dry Highveld Grassland_Floodplain,1,3111823,1990
Dry Highveld Grassland_Floodplain,2,53307,1990
Dry Highveld Grassland_Floodplain,3,136410,1990
Dry Highveld Grassland_Floodplain,4,11370,1990
Dry Highveld Grassland_Floodplain,5,320858,1990
Dry Highveld Grassland_Floodplain,6,2530,1990
Dry Highveld Grassland_Floodplain,7,14319,1990
Dry Highveld Grassland_Seep,1,453145,1990
Dry Highveld Grassland_Seep,2,23672,1990
Dry Highveld Grassland_Seep,3,16575,1990
Dry Highveld Grassland_Seep,4,10880,1990
Dry Highveld Grassland_Seep,5,76030,1990
Dry Highveld Grassland_Seep,6,507,1990
Dry Highveld Grassland_Seep,7,3068,1990
Dry Highveld Grassland_Unchannelled valley-bottom,1,1699153,1990
Dry Highveld Grassland_Unchannelled valley-bottom,2,55372,1990
Dry Highveld Grassland_Unchannelled valley-bottom,3,83468,1990
Dry Highveld Grassland_Unchannelled valley-bottom,4,3778,1990
Dry Highveld Grassland_Unchannelled valley-bottom,5,197446,1990
Dry Highveld Grassland_Unchannelled valley-bottom,6,18698,1990
Dry Highveld Grassland_Unchannelled valley-bottom,7,3827,1990
East Coast Renosterveld_Depression,1,45491,1990
East Coast Renosterveld_Depression,2,124,1990
East Coast Renosterveld_Depression,3,28,1990
East Coast Renosterveld_Depression,5,3051,1990
East Coast Renosterveld_Depression,7,42,1990
East Coast Renosterveld_Floodplain,1,558469,1990
East Coast Renosterveld_Floodplain,2,34456,1990
East Coast Renosterveld_Floodplain,3,11431,1990
East Coast Renosterveld_Floodplain,4,2553,1990
East Coast Renosterveld_Floodplain,5,250938,1990
East Coast Renosterveld_Floodplain,6,139,1990
East Coast Renosterveld_Floodplain,7,18595,1990
East Coast Renosterveld_Seep,1,142189,1990
East Coast Renosterveld_Seep,2,8312,1990
East Coast Renosterveld_Seep,3,2341,1990
East Coast Renosterveld_Seep,4,1289,1990
East Coast Renosterveld_Seep,5,48572,1990
East Coast Renosterveld_Seep,6,1,1990
East Coast Renosterveld_Seep,7,3132,1990
East Coast Renosterveld_Unchannelled valley-bottom,1,23111,1990
East Coast Renosterveld_Unchannelled valley-bottom,2,627,1990
East Coast Renosterveld_Unchannelled valley-bottom,3,81,1990
East Coast Renosterveld_Unchannelled valley-bottom,5,4778,1990
East Coast Renosterveld_Unchannelled valley-bottom,7,84,1990
Eastern Fynbos-Renosterveld_Depression,1,8249,1990
Eastern Fynbos-Renosterveld_Depression,2,99,1990
Eastern Fynbos-Renosterveld_Depression,3,172,1990
Eastern Fynbos-Renosterveld_Depression,4,945,1990
Eastern Fynbos-Renosterveld_Depression,5,1077,1990
Eastern Fynbos-Renosterveld_Depression,6,51,1990
Eastern Fynbos-Renosterveld_Depression,7,87,1990
Eastern Kalahari Bushveld_Depression,1,2484935,1990
Eastern Kalahari Bushveld_Depression,2,23413,1990
Eastern Kalahari Bushveld_Depression,3,7819,1990
Eastern Kalahari Bushveld_Depression,4,1901,1990
Eastern Kalahari Bushveld_Depression,5,42794,1990
Eastern Kalahari Bushveld_Depression,6,40479,1990
Eastern Kalahari Bushveld_Depression,7,448,1990
Eastern Kalahari Bushveld_Seep,1,643113,1990
Eastern Kalahari Bushveld_Seep,2,6210,1990
Eastern Kalahari Bushveld_Seep,3,6265,1990
Eastern Kalahari Bushveld_Seep,4,1560,1990
Eastern Kalahari Bushveld_Seep,5,52868,1990
Eastern Kalahari Bushveld_Seep,6,3523,1990
Eastern Kalahari Bushveld_Seep,7,465,1990
Eastern Kalahari Bushveld_Seep,NA,141,1990
Eastern Kalahari Bushveld_Unchannelled valley-bottom,1,871176,1990
Eastern Kalahari Bushveld_Unchannelled valley-bottom,2,24320,1990
Eastern Kalahari Bushveld_Unchannelled valley-bottom,3,17968,1990
Eastern Kalahari Bushveld_Unchannelled valley-bottom,4,5825,1990
Eastern Kalahari Bushveld_Unchannelled valley-bottom,5,31662,1990
Eastern Kalahari Bushveld_Unchannelled valley-bottom,6,8219,1990
Eastern Kalahari Bushveld_Unchannelled valley-bottom,7,486,1990
Eastern Kalahari Bushveld_Unchannelled valley-bottom,NA,26,1990
Kalahari Duneveld_Depression,1,840514,1990
Kalahari Duneveld_Depression,3,895,1990
Kalahari Duneveld_Depression,4,85,1990
Kalahari Duneveld_Depression,6,14959,1990
Kalahari Duneveld_Depression,NA,15,1990
Karoo Interior_Depression,1,1626305,1990
Karoo Interior_Depression,2,9137,1990
Karoo Interior_Depression,3,2046,1990
Karoo Interior_Depression,4,100,1990
Karoo Interior_Depression,5,11313,1990
Karoo Interior_Depression,6,24222,1990
Karoo Interior_Depression,7,214,1990
Karoo Interior_Floodplain,1,2540890,1990
Karoo Interior_Floodplain,2,39520,1990
Karoo Interior_Floodplain,3,36794,1990
Karoo Interior_Floodplain,4,8740,1990
Karoo Interior_Floodplain,5,604259,1990
Karoo Interior_Floodplain,6,331,1990
Karoo Interior_Floodplain,7,3449,1990
Karoo Interior_Seep,1,206623,1990
Karoo Interior_Seep,2,1046,1990
Karoo Interior_Seep,3,1701,1990
Karoo Interior_Seep,4,124,1990
Karoo Interior_Seep,5,6072,1990
Karoo Interior_Seep,6,358,1990
Karoo Interior_Seep,7,137,1990
Karoo Interior_Unchannelled valley-bottom,1,488888,1990
Karoo Interior_Unchannelled valley-bottom,2,23443,1990
Karoo Interior_Unchannelled valley-bottom,3,3328,1990
Karoo Interior_Unchannelled valley-bottom,4,15,1990
Karoo Interior_Unchannelled valley-bottom,5,16598,1990
Karoo Interior_Unchannelled valley-bottom,6,84,1990
Karoo Interior_Unchannelled valley-bottom,7,102,1990
Knersvlakte_Depression,1,3416,1990
Knersvlakte_Depression,3,71,1990
Knersvlakte_Depression,6,473,1990
Kwa-Zulu Natal Coastal Belt_Floodplain,1,84381,1990
Kwa-Zulu Natal Coastal Belt_Floodplain,2,14697,1990
Kwa-Zulu Natal Coastal Belt_Floodplain,3,1939,1990
Kwa-Zulu Natal Coastal Belt_Floodplain,4,41343,1990
Kwa-Zulu Natal Coastal Belt_Floodplain,5,24351,1990
Kwa-Zulu Natal Coastal Belt_Floodplain,6,79,1990
Kwa-Zulu Natal Coastal Belt_Floodplain,7,200,1990
Kwa-Zulu Natal Coastal Belt_Seep,1,28480,1990
Kwa-Zulu Natal Coastal Belt_Seep,2,4009,1990
Kwa-Zulu Natal Coastal Belt_Seep,3,2406,1990
Kwa-Zulu Natal Coastal Belt_Seep,4,17724,1990
Kwa-Zulu Natal Coastal Belt_Seep,5,64079,1990
Kwa-Zulu Natal Coastal Belt_Seep,6,5,1990
Kwa-Zulu Natal Coastal Belt_Seep,7,1286,1990
Kwa-Zulu Natal Coastal Belt_Unchannelled valley-bottom,1,25672,1990
Kwa-Zulu Natal Coastal Belt_Unchannelled valley-bottom,2,2873,1990
Kwa-Zulu Natal Coastal Belt_Unchannelled valley-bottom,3,3181,1990
Kwa-Zulu Natal Coastal Belt_Unchannelled valley-bottom,4,16844,1990
Kwa-Zulu Natal Coastal Belt_Unchannelled valley-bottom,5,18536,1990
Kwa-Zulu Natal Coastal Belt_Unchannelled valley-bottom,6,22,1990
Kwa-Zulu Natal Coastal Belt_Unchannelled valley-bottom,7,815,1990
Lowveld_Depression,1,193912,1990
Lowveld_Depression,2,10309,1990
Lowveld_Depression,3,2510,1990
Lowveld_Depression,4,5830,1990
Lowveld_Depression,5,11955,1990
Lowveld_Depression,6,340,1990
Lowveld_Depression,7,953,1990
Lowveld_Depression,NA,73,1990
Lowveld_Floodplain,1,1222362,1990
Lowveld_Floodplain,2,78399,1990
Lowveld_Floodplain,3,29184,1990
Lowveld_Floodplain,4,32515,1990
Lowveld_Floodplain,5,176657,1990
Lowveld_Floodplain,6,625,1990
Lowveld_Floodplain,7,24533,1990
Lowveld_Floodplain,NA,22,1990
Lowveld_Seep,1,373389,1990
Lowveld_Seep,2,68798,1990
Lowveld_Seep,3,6297,1990
Lowveld_Seep,4,19998,1990
Lowveld_Seep,5,91602,1990
Lowveld_Seep,6,107,1990
Lowveld_Seep,7,36565,1990
Lowveld_Unchannelled valley-bottom,1,105262,1990
Lowveld_Unchannelled valley-bottom,2,18367,1990
Lowveld_Unchannelled valley-bottom,3,5459,1990
Lowveld_Unchannelled valley-bottom,4,4394,1990
Lowveld_Unchannelled valley-bottom,5,22851,1990
Lowveld_Unchannelled valley-bottom,6,27,1990
Lowveld_Unchannelled valley-bottom,7,12078,1990
Lowveld_Unchannelled valley-bottom,NA,2,1990
Maputaland Coastal Belt_Depression,1,502560,1990
Maputaland Coastal Belt_Depression,2,2594,1990
Maputaland Coastal Belt_Depression,3,1451,1990
Maputaland Coastal Belt_Depression,4,9202,1990
Maputaland Coastal Belt_Depression,5,3324,1990
Maputaland Coastal Belt_Depression,6,24,1990
Maputaland Coastal Belt_Depression,7,38633,1990
Maputaland Coastal Belt_Depression,NA,24,1990
Maputaland Coastal Belt_Floodplain,1,1044191,1990
Maputaland Coastal Belt_Floodplain,2,15640,1990
Maputaland Coastal Belt_Floodplain,3,422,1990
Maputaland Coastal Belt_Floodplain,4,21366,1990
Maputaland Coastal Belt_Floodplain,5,253643,1990
Maputaland Coastal Belt_Floodplain,6,65,1990
Maputaland Coastal Belt_Floodplain,7,65266,1990
Maputaland Coastal Belt_Floodplain,NA,131,1990
Maputaland Coastal Belt_Seep,1,51708,1990
Maputaland Coastal Belt_Seep,2,1897,1990
Maputaland Coastal Belt_Seep,3,301,1990
Maputaland Coastal Belt_Seep,4,7761,1990
Maputaland Coastal Belt_Seep,5,2298,1990
Maputaland Coastal Belt_Seep,7,29588,1990
Maputaland Coastal Belt_Unchannelled valley-bottom,1,97110,1990
Maputaland Coastal Belt_Unchannelled valley-bottom,2,4019,1990
Maputaland Coastal Belt_Unchannelled valley-bottom,3,353,1990
Maputaland Coastal Belt_Unchannelled valley-bottom,4,8139,1990
Maputaland Coastal Belt_Unchannelled valley-bottom,5,10277,1990
Maputaland Coastal Belt_Unchannelled valley-bottom,6,4,1990
Maputaland Coastal Belt_Unchannelled valley-bottom,7,25740,1990
Maputaland Coastal Belt_Unchannelled valley-bottom,NA,183,1990
Mesic Highveld Grassland_Depression,1,992209,1990
Mesic Highveld Grassland_Depression,2,83473,1990
Mesic Highveld Grassland_Depression,3,2876,1990
Mesic Highveld Grassland_Depression,4,5616,1990
Mesic Highveld Grassland_Depression,5,71599,1990
Mesic Highveld Grassland_Depression,6,16898,1990
Mesic Highveld Grassland_Depression,7,10520,1990
Mesic Highveld Grassland_Floodplain,1,8893877,1990
Mesic Highveld Grassland_Floodplain,2,1169509,1990
Mesic Highveld Grassland_Floodplain,3,326349,1990
Mesic Highveld Grassland_Floodplain,4,62683,1990
Mesic Highveld Grassland_Floodplain,5,1148490,1990
Mesic Highveld Grassland_Floodplain,6,37871,1990
Mesic Highveld Grassland_Floodplain,7,132335,1990
Mesic Highveld Grassland_Seep,1,2885136,1990
Mesic Highveld Grassland_Seep,2,562431,1990
Mesic Highveld Grassland_Seep,3,90237,1990
Mesic Highveld Grassland_Seep,4,34296,1990
Mesic Highveld Grassland_Seep,5,288653,1990
Mesic Highveld Grassland_Seep,6,19976,1990
Mesic Highveld Grassland_Seep,7,80925,1990
Mesic Highveld Grassland_Unchannelled valley-bottom,1,663727,1990
Mesic Highveld Grassland_Unchannelled valley-bottom,2,84454,1990
Mesic Highveld Grassland_Unchannelled valley-bottom,3,38748,1990
Mesic Highveld Grassland_Unchannelled valley-bottom,4,5313,1990
Mesic Highveld Grassland_Unchannelled valley-bottom,5,100695,1990
Mesic Highveld Grassland_Unchannelled valley-bottom,6,865,1990
Mesic Highveld Grassland_Unchannelled valley-bottom,7,8068,1990
Mopane_Depression,1,29511,1990
Mopane_Depression,2,468,1990
Mopane_Depression,3,245,1990
Mopane_Depression,4,37,1990
Mopane_Depression,5,22,1990
Mopane_Depression,6,1183,1990
Mopane_Floodplain,1,724531,1990
Mopane_Floodplain,2,4503,1990
Mopane_Floodplain,3,18897,1990
Mopane_Floodplain,4,4102,1990
Mopane_Floodplain,5,34752,1990
Mopane_Floodplain,6,121,1990
Mopane_Floodplain,7,49,1990
Mopane_Floodplain,NA,397,1990
Mopane_Seep,1,2745,1990
Mopane_Seep,4,5,1990
Mopane_Seep,5,32,1990
Mopane_Unchannelled valley-bottom,1,109980,1990
Mopane_Unchannelled valley-bottom,3,611,1990
Mopane_Unchannelled valley-bottom,NA,10826,1990
Namaqualand_Depression,1,277052,1990
Namaqualand_Depression,2,183,1990
Namaqualand_Depression,3,434,1990
Namaqualand_Depression,5,704,1990
Namaqualand_Depression,6,29050,1990
Northwest Fynbos_Depression,1,25328,1990
Northwest Fynbos_Depression,2,2433,1990
Northwest Fynbos_Depression,3,35,1990
Northwest Fynbos_Depression,5,483,1990
Northwest Fynbos_Depression,6,86,1990
Northwest Fynbos_Floodplain,1,272061,1990
Northwest Fynbos_Floodplain,2,25842,1990
Northwest Fynbos_Floodplain,3,39997,1990
Northwest Fynbos_Floodplain,4,326,1990
Northwest Fynbos_Floodplain,5,49374,1990
Northwest Fynbos_Floodplain,6,106,1990
Northwest Fynbos_Floodplain,7,2990,1990
Northwest Fynbos_Seep,1,64325,1990
Northwest Fynbos_Seep,2,4800,1990
Northwest Fynbos_Seep,3,1605,1990
Northwest Fynbos_Seep,5,19210,1990
Northwest Fynbos_Seep,6,5,1990
Northwest Fynbos_Seep,7,1146,1990
Northwest Fynbos_Unchannelled valley-bottom,1,8913,1990
Northwest Fynbos_Unchannelled valley-bottom,2,1463,1990
Northwest Fynbos_Unchannelled valley-bottom,3,36,1990
Northwest Fynbos_Unchannelled valley-bottom,5,6723,1990
Northwest Fynbos_Unchannelled valley-bottom,7,87,1990
Pondoland Coastal Belt_Floodplain,1,6489,1990
Pondoland Coastal Belt_Floodplain,2,1644,1990
Pondoland Coastal Belt_Floodplain,4,201,1990
Pondoland Coastal Belt_Floodplain,5,1103,1990
Pondoland Coastal Belt_Floodplain,7,29,1990
Pondoland Coastal Belt_Seep,1,29810,1990
Pondoland Coastal Belt_Seep,2,4779,1990
Pondoland Coastal Belt_Seep,3,109,1990
Pondoland Coastal Belt_Seep,4,1296,1990
Pondoland Coastal Belt_Seep,5,2976,1990
Pondoland Coastal Belt_Seep,6,5,1990
Pondoland Coastal Belt_Seep,7,102,1990
Pondoland Coastal Belt_Unchannelled valley-bottom,1,9517,1990
Pondoland Coastal Belt_Unchannelled valley-bottom,2,205,1990
Pondoland Coastal Belt_Unchannelled valley-bottom,3,205,1990
Pondoland Coastal Belt_Unchannelled valley-bottom,5,2171,1990
Southern Fynbos_Depression,1,36905,1990
Southern Fynbos_Depression,2,37,1990
Southern Fynbos_Depression,3,89,1990
Southern Fynbos_Depression,5,465,1990
Southern Fynbos_Depression,6,18,1990
Southern Fynbos_Floodplain,1,351867,1990
Southern Fynbos_Floodplain,2,19870,1990
Southern Fynbos_Floodplain,3,16252,1990
Southern Fynbos_Floodplain,4,3079,1990
Southern Fynbos_Floodplain,5,179452,1990
Southern Fynbos_Floodplain,6,62,1990
Southern Fynbos_Floodplain,7,19171,1990
Southern Fynbos_Seep,1,201981,1990
Southern Fynbos_Seep,2,8785,1990
Southern Fynbos_Seep,3,8064,1990
Southern Fynbos_Seep,4,1955,1990
Southern Fynbos_Seep,5,27560,1990
Southern Fynbos_Seep,6,35,1990
Southern Fynbos_Seep,7,30540,1990
Southern Fynbos_Unchannelled valley-bottom,1,41762,1990
Southern Fynbos_Unchannelled valley-bottom,2,1019,1990
Southern Fynbos_Unchannelled valley-bottom,3,5995,1990
Southern Fynbos_Unchannelled valley-bottom,4,916,1990
Southern Fynbos_Unchannelled valley-bottom,5,6365,1990
Southern Fynbos_Unchannelled valley-bottom,7,3312,1990
Southwest Fynbos_Depression,1,16846,1990
Southwest Fynbos_Depression,2,50,1990
Southwest Fynbos_Depression,4,43,1990
Southwest Fynbos_Depression,5,200,1990
Southwest Fynbos_Depression,6,281,1990
Southwest Fynbos_Depression,7,80,1990
Southwest Fynbos_Floodplain,1,605578,1990
Southwest Fynbos_Floodplain,2,43230,1990
Southwest Fynbos_Floodplain,3,45279,1990
Southwest Fynbos_Floodplain,4,12382,1990
Southwest Fynbos_Floodplain,5,141050,1990
Southwest Fynbos_Floodplain,6,289,1990
Southwest Fynbos_Floodplain,7,38091,1990
Southwest Fynbos_Seep,1,376351,1990
Southwest Fynbos_Seep,2,21351,1990
Southwest Fynbos_Seep,3,40761,1990
Southwest Fynbos_Seep,4,17948,1990
Southwest Fynbos_Seep,5,33817,1990
Southwest Fynbos_Seep,6,22,1990
Southwest Fynbos_Seep,7,17366,1990
Southwest Fynbos_Unchannelled valley-bottom,1,25494,1990
Southwest Fynbos_Unchannelled valley-bottom,2,3894,1990
Southwest Fynbos_Unchannelled valley-bottom,3,580,1990
Southwest Fynbos_Unchannelled valley-bottom,4,206,1990
Southwest Fynbos_Unchannelled valley-bottom,5,3498,1990
Southwest Fynbos_Unchannelled valley-bottom,6,3,1990
Southwest Fynbos_Unchannelled valley-bottom,7,1013,1990
Sub-Escarpment Grassland_Depression,1,83147,1990
Sub-Escarpment Grassland_Depression,2,10653,1990
Sub-Escarpment Grassland_Depression,3,2129,1990
Sub-Escarpment Grassland_Depression,4,1969,1990
Sub-Escarpment Grassland_Depression,5,16398,1990
Sub-Escarpment Grassland_Depression,6,232,1990
Sub-Escarpment Grassland_Depression,7,664,1990
Sub-escarpment Grassland_Floodplain,1,1687216,1990
Sub-escarpment Grassland_Floodplain,2,481205,1990
Sub-escarpment Grassland_Floodplain,3,100245,1990
Sub-escarpment Grassland_Floodplain,4,28388,1990
Sub-escarpment Grassland_Floodplain,5,655955,1990
Sub-escarpment Grassland_Floodplain,6,1147,1990
Sub-escarpment Grassland_Floodplain,7,109483,1990
Sub-escarpment Grassland_Seep,1,1966480,1990
Sub-escarpment Grassland_Seep,2,490031,1990
Sub-escarpment Grassland_Seep,3,146235,1990
Sub-escarpment Grassland_Seep,4,69360,1990
Sub-escarpment Grassland_Seep,5,542928,1990
Sub-escarpment Grassland_Seep,6,1157,1990
Sub-escarpment Grassland_Seep,7,184107,1990
Sub-escarpment Grassland_Unchannelled valley-bottom,1,403616,1990
Sub-escarpment Grassland_Unchannelled valley-bottom,2,106363,1990
Sub-escarpment Grassland_Unchannelled valley-bottom,3,35024,1990
Sub-escarpment Grassland_Unchannelled valley-bottom,4,8465,1990
Sub-escarpment Grassland_Unchannelled valley-bottom,5,113096,1990
Sub-escarpment Grassland_Unchannelled valley-bottom,6,54,1990
Sub-escarpment Grassland_Unchannelled valley-bottom,7,14900,1990
Sub-escarpment Savanna_Depression,1,6026,1990
Sub-escarpment Savanna_Depression,2,444,1990
Sub-escarpment Savanna_Depression,3,99,1990
Sub-escarpment Savanna_Depression,4,1715,1990
Sub-escarpment Savanna_Depression,5,1271,1990
Sub-escarpment Savanna_Depression,6,64,1990
Sub-escarpment Savanna_Depression,7,31,1990
Sub-escarpment Savanna_Floodplain,1,184043,1990
Sub-escarpment Savanna_Floodplain,2,57490,1990
Sub-escarpment Savanna_Floodplain,3,34798,1990
Sub-escarpment Savanna_Floodplain,4,18150,1990
Sub-escarpment Savanna_Floodplain,5,68299,1990
Sub-escarpment Savanna_Floodplain,6,21,1990
Sub-escarpment Savanna_Floodplain,7,68325,1990
Sub-escarpment Savanna_Seep,1,202933,1990
Sub-escarpment Savanna_Seep,2,66060,1990
Sub-escarpment Savanna_Seep,3,15048,1990
Sub-escarpment Savanna_Seep,4,34295,1990
Sub-escarpment Savanna_Seep,5,86186,1990
Sub-escarpment Savanna_Seep,6,96,1990
Sub-escarpment Savanna_Seep,7,75799,1990
Sub-escarpment Savanna_Unchannelled valley-bottom,1,19656,1990
Sub-escarpment Savanna_Unchannelled valley-bottom,2,6537,1990
Sub-escarpment Savanna_Unchannelled valley-bottom,3,1082,1990
Sub-escarpment Savanna_Unchannelled valley-bottom,4,7755,1990
Sub-escarpment Savanna_Unchannelled valley-bottom,5,7021,1990
Sub-escarpment Savanna_Unchannelled valley-bottom,6,81,1990
Sub-escarpment Savanna_Unchannelled valley-bottom,7,5800,1990
West Coast_Depression,1,14239,1990
West Coast_Depression,2,29,1990
West Coast_Depression,4,8,1990
West Coast_Depression,5,542,1990
West Coast_Depression,6,6,1990
West Coast_Depression,7,2,1990
West Coast_Floodplain,1,334304,1990
West Coast_Floodplain,2,27161,1990
West Coast_Floodplain,3,11760,1990
West Coast_Floodplain,4,3943,1990
West Coast_Floodplain,5,119273,1990
West Coast_Floodplain,6,38,1990
West Coast_Floodplain,7,1143,1990
West Coast_Seep,1,56900,1990
West Coast_Seep,2,6627,1990
West Coast_Seep,3,1442,1990
West Coast_Seep,4,2117,1990
West Coast_Seep,5,15347,1990
West Coast_Seep,6,392,1990
West Coast_Seep,7,97,1990
West Coast_Unchannelled valley-bottom,1,10535,1990
West Coast_Unchannelled valley-bottom,2,1167,1990
West Coast_Unchannelled valley-bottom,3,405,1990
West Coast_Unchannelled valley-bottom,4,22,1990
West Coast_Unchannelled valley-bottom,5,2341,1990
West Coast_Unchannelled valley-bottom,7,12,1990
Albany Thicket_Depression,1,42954,2018
Albany Thicket_Depression,2,4466,2018
Albany Thicket_Depression,3,10430,2018
Albany Thicket_Depression,4,1200,2018
Albany Thicket_Depression,5,2292,2018
Albany Thicket_Depression,6,851,2018
Albany Thicket_Depression,7,96,2018
Albany Thicket_Floodplain,1,44196,2018
Albany Thicket_Floodplain,2,6850,2018
Albany Thicket_Floodplain,3,243,2018
Albany Thicket_Floodplain,4,797,2018
Albany Thicket_Floodplain,5,20056,2018
Albany Thicket_Floodplain,7,59,2018
Albany Thicket_Seep,1,9390,2018
Albany Thicket_Seep,2,1034,2018
Albany Thicket_Seep,3,23,2018
Albany Thicket_Seep,4,561,2018
Albany Thicket_Seep,5,1760,2018
Albany Thicket_Seep,7,76,2018
Albany Thicket_Unchannelled valley-bottom,1,4884,2018
Albany Thicket_Unchannelled valley-bottom,2,674,2018
Albany Thicket_Unchannelled valley-bottom,3,102,2018
Albany Thicket_Unchannelled valley-bottom,4,382,2018
Albany Thicket_Unchannelled valley-bottom,5,4854,2018
Albany Thicket_Unchannelled valley-bottom,7,62,2018
Bushmanland_Depression,1,8024913,2018
Bushmanland_Depression,2,72722,2018
Bushmanland_Depression,3,3622,2018
Bushmanland_Depression,4,8979,2018
Bushmanland_Depression,5,55958,2018
Bushmanland_Depression,6,9804,2018
Bushmanland_Depression,7,404,2018
Bushmanland_Floodplain,1,482725,2018
Bushmanland_Floodplain,2,9084,2018
Bushmanland_Floodplain,3,45,2018
Bushmanland_Floodplain,4,808,2018
Bushmanland_Floodplain,5,9928,2018
Bushmanland_Floodplain,6,388,2018
Bushmanland_Floodplain,7,87,2018
Bushmanland_Floodplain,NA,2,2018
Bushmanland_Seep,1,41801,2018
Bushmanland_Seep,2,42,2018
Bushmanland_Seep,3,1,2018
Bushmanland_Seep,4,60,2018
Bushmanland_Seep,5,56,2018
Bushmanland_Unchannelled valley-bottom,1,1706002,2018
Bushmanland_Unchannelled valley-bottom,2,52744,2018
Bushmanland_Unchannelled valley-bottom,3,2019,2018
Bushmanland_Unchannelled valley-bottom,4,2271,2018
Bushmanland_Unchannelled valley-bottom,5,4687,2018
Bushmanland_Unchannelled valley-bottom,6,314,2018
Bushmanland_Unchannelled valley-bottom,7,54,2018
Central Bushveld_Depression,1,104422,2018
Central Bushveld_Depression,2,18925,2018
Central Bushveld_Depression,3,1395,2018
Central Bushveld_Depression,4,2699,2018
Central Bushveld_Depression,5,2846,2018
Central Bushveld_Depression,6,1567,2018
Central Bushveld_Depression,7,417,2018
Central Bushveld_Floodplain,1,2619853,2018
Central Bushveld_Floodplain,2,577312,2018
Central Bushveld_Floodplain,3,76114,2018
Central Bushveld_Floodplain,4,64909,2018
Central Bushveld_Floodplain,5,551794,2018
Central Bushveld_Floodplain,6,2951,2018
Central Bushveld_Floodplain,7,8908,2018
Central Bushveld_Floodplain,NA,10169,2018
Central Bushveld_Seep,1,279970,2018
Central Bushveld_Seep,2,81876,2018
Central Bushveld_Seep,3,2176,2018
Central Bushveld_Seep,4,27375,2018
Central Bushveld_Seep,5,44210,2018
Central Bushveld_Seep,6,476,2018
Central Bushveld_Seep,7,9131,2018
Central Bushveld_Unchannelled valley-bottom,1,718152,2018
Central Bushveld_Unchannelled valley-bottom,2,168772,2018
Central Bushveld_Unchannelled valley-bottom,3,9260,2018
Central Bushveld_Unchannelled valley-bottom,4,18322,2018
Central Bushveld_Unchannelled valley-bottom,5,61251,2018
Central Bushveld_Unchannelled valley-bottom,6,1615,2018
Central Bushveld_Unchannelled valley-bottom,7,3139,2018
Drakensberg Grassland_Depression,1,25798,2018
Drakensberg Grassland_Depression,2,718,2018
Drakensberg Grassland_Depression,3,6,2018
Drakensberg Grassland_Depression,4,45,2018
Drakensberg Grassland_Depression,5,587,2018
Drakensberg Grassland_Depression,7,141,2018
Drakensberg Grassland_Floodplain,1,344289,2018
Drakensberg Grassland_Floodplain,2,66731,2018
Drakensberg Grassland_Floodplain,3,19077,2018
Drakensberg Grassland_Floodplain,4,1693,2018
Drakensberg Grassland_Floodplain,5,165663,2018
Drakensberg Grassland_Floodplain,6,18,2018
Drakensberg Grassland_Floodplain,7,1839,2018
Drakensberg Grassland_Seep,1,246184,2018
Drakensberg Grassland_Seep,2,28314,2018
Drakensberg Grassland_Seep,3,3746,2018
Drakensberg Grassland_Seep,4,2510,2018
Drakensberg Grassland_Seep,5,51110,2018
Drakensberg Grassland_Seep,6,6,2018
Drakensberg Grassland_Seep,7,10110,2018
Drakensberg Grassland_Unchannelled valley-bottom,1,28195,2018
Drakensberg Grassland_Unchannelled valley-bottom,2,4193,2018
Drakensberg Grassland_Unchannelled valley-bottom,3,2458,2018
Drakensberg Grassland_Unchannelled valley-bottom,4,113,2018
Drakensberg Grassland_Unchannelled valley-bottom,5,10230,2018
Drakensberg Grassland_Unchannelled valley-bottom,7,387,2018
Dry Highveld Grassland_Depression,1,2497178,2018
Dry Highveld Grassland_Depression,2,209976,2018
Dry Highveld Grassland_Depression,3,14257,2018
Dry Highveld Grassland_Depression,4,4837,2018
Dry Highveld Grassland_Depression,5,225994,2018
Dry Highveld Grassland_Depression,6,19223,2018
Dry Highveld Grassland_Depression,7,9710,2018
Dry Highveld Grassland_Floodplain,1,2937454,2018
Dry Highveld Grassland_Floodplain,2,253451,2018
Dry Highveld Grassland_Floodplain,3,81451,2018
Dry Highveld Grassland_Floodplain,4,23579,2018
Dry Highveld Grassland_Floodplain,5,309918,2018
Dry Highveld Grassland_Floodplain,6,3035,2018
Dry Highveld Grassland_Floodplain,7,41729,2018
Dry Highveld Grassland_Seep,1,427585,2018
Dry Highveld Grassland_Seep,2,65708,2018
Dry Highveld Grassland_Seep,3,5082,2018
Dry Highveld Grassland_Seep,4,12080,2018
Dry Highveld Grassland_Seep,5,66698,2018
Dry Highveld Grassland_Seep,6,146,2018
Dry Highveld Grassland_Seep,7,6578,2018
Dry Highveld Grassland_Unchannelled valley-bottom,1,1628308,2018
Dry Highveld Grassland_Unchannelled valley-bottom,2,202740,2018
Dry Highveld Grassland_Unchannelled valley-bottom,3,23067,2018
Dry Highveld Grassland_Unchannelled valley-bottom,4,7514,2018
Dry Highveld Grassland_Unchannelled valley-bottom,5,174460,2018
Dry Highveld Grassland_Unchannelled valley-bottom,6,12581,2018
Dry Highveld Grassland_Unchannelled valley-bottom,7,13072,2018
East Coast Renosterveld_Depression,1,43829,2018
East Coast Renosterveld_Depression,2,2005,2018
East Coast Renosterveld_Depression,3,12,2018
East Coast Renosterveld_Depression,4,24,2018
East Coast Renosterveld_Depression,5,2863,2018
East Coast Renosterveld_Depression,7,3,2018
East Coast Renosterveld_Floodplain,1,415331,2018
East Coast Renosterveld_Floodplain,2,200147,2018
East Coast Renosterveld_Floodplain,3,5085,2018
East Coast Renosterveld_Floodplain,4,7639,2018
East Coast Renosterveld_Floodplain,5,237971,2018
East Coast Renosterveld_Floodplain,6,305,2018
East Coast Renosterveld_Floodplain,7,10103,2018
East Coast Renosterveld_Seep,1,112665,2018
East Coast Renosterveld_Seep,2,45114,2018
East Coast Renosterveld_Seep,3,814,2018
East Coast Renosterveld_Seep,4,3470,2018
East Coast Renosterveld_Seep,5,42790,2018
East Coast Renosterveld_Seep,7,983,2018
East Coast Renosterveld_Unchannelled valley-bottom,1,20662,2018
East Coast Renosterveld_Unchannelled valley-bottom,2,1869,2018
East Coast Renosterveld_Unchannelled valley-bottom,3,39,2018
East Coast Renosterveld_Unchannelled valley-bottom,4,63,2018
East Coast Renosterveld_Unchannelled valley-bottom,5,6042,2018
East Coast Renosterveld_Unchannelled valley-bottom,7,6,2018
Eastern Fynbos-Renosterveld_Depression,1,6481,2018
Eastern Fynbos-Renosterveld_Depression,2,1703,2018
Eastern Fynbos-Renosterveld_Depression,3,1,2018
Eastern Fynbos-Renosterveld_Depression,4,1467,2018
Eastern Fynbos-Renosterveld_Depression,5,917,2018
Eastern Fynbos-Renosterveld_Depression,6,4,2018
Eastern Fynbos-Renosterveld_Depression,7,107,2018
Eastern Kalahari Bushveld_Depression,1,2453630,2018
Eastern Kalahari Bushveld_Depression,2,76029,2018
Eastern Kalahari Bushveld_Depression,3,14107,2018
Eastern Kalahari Bushveld_Depression,4,4565,2018
Eastern Kalahari Bushveld_Depression,5,30652,2018
Eastern Kalahari Bushveld_Depression,6,19074,2018
Eastern Kalahari Bushveld_Depression,7,3732,2018
Eastern Kalahari Bushveld_Seep,1,623709,2018
Eastern Kalahari Bushveld_Seep,2,25156,2018
Eastern Kalahari Bushveld_Seep,3,4848,2018
Eastern Kalahari Bushveld_Seep,4,3942,2018
Eastern Kalahari Bushveld_Seep,5,49147,2018
Eastern Kalahari Bushveld_Seep,6,6282,2018
Eastern Kalahari Bushveld_Seep,7,1061,2018
Eastern Kalahari Bushveld_Unchannelled valley-bottom,1,854546,2018
Eastern Kalahari Bushveld_Unchannelled valley-bottom,2,58589,2018
Eastern Kalahari Bushveld_Unchannelled valley-bottom,3,4503,2018
Eastern Kalahari Bushveld_Unchannelled valley-bottom,4,7601,2018
Eastern Kalahari Bushveld_Unchannelled valley-bottom,5,29114,2018
Eastern Kalahari Bushveld_Unchannelled valley-bottom,6,3691,2018
Eastern Kalahari Bushveld_Unchannelled valley-bottom,7,1638,2018
Kalahari Duneveld_Depression,1,835209,2018
Kalahari Duneveld_Depression,2,6521,2018
Kalahari Duneveld_Depression,3,4421,2018
Kalahari Duneveld_Depression,4,1957,2018
Kalahari Duneveld_Depression,6,8360,2018
Karoo Interior_Depression,1,1615473,2018
Karoo Interior_Depression,2,27016,2018
Karoo Interior_Depression,3,2327,2018
Karoo Interior_Depression,4,750,2018
Karoo Interior_Depression,5,10529,2018
Karoo Interior_Depression,6,16864,2018
Karoo Interior_Depression,7,378,2018
Karoo Interior_Floodplain,1,2429724,2018
Karoo Interior_Floodplain,2,161454,2018
Karoo Interior_Floodplain,3,12860,2018
Karoo Interior_Floodplain,4,27214,2018
Karoo Interior_Floodplain,5,597983,2018
Karoo Interior_Floodplain,6,289,2018
Karoo Interior_Floodplain,7,4459,2018
Karoo Interior_Seep,1,203748,2018
Karoo Interior_Seep,2,5349,2018
Karoo Interior_Seep,3,570,2018
Karoo Interior_Seep,4,940,2018
Karoo Interior_Seep,5,5208,2018
Karoo Interior_Seep,6,68,2018
Karoo Interior_Seep,7,178,2018
Karoo Interior_Unchannelled valley-bottom,1,483023,2018
Karoo Interior_Unchannelled valley-bottom,2,28755,2018
Karoo Interior_Unchannelled valley-bottom,3,1981,2018
Karoo Interior_Unchannelled valley-bottom,4,676,2018
Karoo Interior_Unchannelled valley-bottom,5,17698,2018
Karoo Interior_Unchannelled valley-bottom,6,173,2018
Karoo Interior_Unchannelled valley-bottom,7,152,2018
Knersvlakte_Depression,1,3409,2018
Knersvlakte_Depression,2,124,2018
Knersvlakte_Depression,3,334,2018
Knersvlakte_Depression,6,93,2018
Kwa-Zulu Natal Coastal Belt_Floodplain,1,59696,2018
Kwa-Zulu Natal Coastal Belt_Floodplain,2,29944,2018
Kwa-Zulu Natal Coastal Belt_Floodplain,3,1021,2018
Kwa-Zulu Natal Coastal Belt_Floodplain,4,50146,2018
Kwa-Zulu Natal Coastal Belt_Floodplain,5,25987,2018
Kwa-Zulu Natal Coastal Belt_Floodplain,6,86,2018
Kwa-Zulu Natal Coastal Belt_Floodplain,7,110,2018
Kwa-Zulu Natal Coastal Belt_Seep,1,14508,2018
Kwa-Zulu Natal Coastal Belt_Seep,2,14697,2018
Kwa-Zulu Natal Coastal Belt_Seep,3,2212,2018
Kwa-Zulu Natal Coastal Belt_Seep,4,19244,2018
Kwa-Zulu Natal Coastal Belt_Seep,5,66439,2018
Kwa-Zulu Natal Coastal Belt_Seep,7,889,2018
Kwa-Zulu Natal Coastal Belt_Unchannelled valley-bottom,1,17371,2018
Kwa-Zulu Natal Coastal Belt_Unchannelled valley-bottom,2,10414,2018
Kwa-Zulu Natal Coastal Belt_Unchannelled valley-bottom,3,1891,2018
Kwa-Zulu Natal Coastal Belt_Unchannelled valley-bottom,4,18173,2018
Kwa-Zulu Natal Coastal Belt_Unchannelled valley-bottom,5,19653,2018
Kwa-Zulu Natal Coastal Belt_Unchannelled valley-bottom,6,48,2018
Kwa-Zulu Natal Coastal Belt_Unchannelled valley-bottom,7,393,2018
Lowveld_Depression,1,176993,2018
Lowveld_Depression,2,21529,2018
Lowveld_Depression,3,68,2018
Lowveld_Depression,4,6263,2018
Lowveld_Depression,5,16092,2018
Lowveld_Depression,6,145,2018
Lowveld_Depression,7,4792,2018
Lowveld_Floodplain,1,1042470,2018
Lowveld_Floodplain,2,237138,2018
Lowveld_Floodplain,3,27418,2018
Lowveld_Floodplain,4,45603,2018
Lowveld_Floodplain,5,196154,2018
Lowveld_Floodplain,6,892,2018
Lowveld_Floodplain,7,14622,2018
Lowveld_Seep,1,327431,2018
Lowveld_Seep,2,147741,2018
Lowveld_Seep,3,4029,2018
Lowveld_Seep,4,22809,2018
Lowveld_Seep,5,68959,2018
Lowveld_Seep,6,169,2018
Lowveld_Seep,7,25618,2018
Lowveld_Unchannelled valley-bottom,1,91004,2018
Lowveld_Unchannelled valley-bottom,2,36831,2018
Lowveld_Unchannelled valley-bottom,3,3457,2018
Lowveld_Unchannelled valley-bottom,4,6347,2018
Lowveld_Unchannelled valley-bottom,5,24073,2018
Lowveld_Unchannelled valley-bottom,6,30,2018
Lowveld_Unchannelled valley-bottom,7,6698,2018
Maputaland Coastal Belt_Depression,1,485595,2018
Maputaland Coastal Belt_Depression,2,31537,2018
Maputaland Coastal Belt_Depression,3,14,2018
Maputaland Coastal Belt_Depression,4,10424,2018
Maputaland Coastal Belt_Depression,5,6361,2018
Maputaland Coastal Belt_Depression,6,219,2018
Maputaland Coastal Belt_Depression,7,23662,2018
Maputaland Coastal Belt_Floodplain,1,899645,2018
Maputaland Coastal Belt_Floodplain,2,93826,2018
Maputaland Coastal Belt_Floodplain,3,8198,2018
Maputaland Coastal Belt_Floodplain,4,22223,2018
Maputaland Coastal Belt_Floodplain,5,313535,2018
Maputaland Coastal Belt_Floodplain,6,3822,2018
Maputaland Coastal Belt_Floodplain,7,59475,2018
Maputaland Coastal Belt_Seep,1,42715,2018
Maputaland Coastal Belt_Seep,2,14806,2018
Maputaland Coastal Belt_Seep,3,266,2018
Maputaland Coastal Belt_Seep,4,8074,2018
Maputaland Coastal Belt_Seep,5,4494,2018
Maputaland Coastal Belt_Seep,6,4,2018
Maputaland Coastal Belt_Seep,7,23194,2018
Maputaland Coastal Belt_Unchannelled valley-bottom,1,84880,2018
Maputaland Coastal Belt_Unchannelled valley-bottom,2,28421,2018
Maputaland Coastal Belt_Unchannelled valley-bottom,3,2415,2018
Maputaland Coastal Belt_Unchannelled valley-bottom,4,7452,2018
Maputaland Coastal Belt_Unchannelled valley-bottom,5,11452,2018
Maputaland Coastal Belt_Unchannelled valley-bottom,6,30,2018
Maputaland Coastal Belt_Unchannelled valley-bottom,7,11175,2018
Mesic Highveld Grassland_Depression,1,937923,2018
Mesic Highveld Grassland_Depression,2,158765,2018
Mesic Highveld Grassland_Depression,3,11539,2018
Mesic Highveld Grassland_Depression,4,7812,2018
Mesic Highveld Grassland_Depression,5,46381,2018
Mesic Highveld Grassland_Depression,6,8531,2018
Mesic Highveld Grassland_Depression,7,12240,2018
Mesic Highveld Grassland_Floodplain,1,8286472,2018
Mesic Highveld Grassland_Floodplain,2,1937908,2018
Mesic Highveld Grassland_Floodplain,3,289670,2018
Mesic Highveld Grassland_Floodplain,4,82789,2018
Mesic Highveld Grassland_Floodplain,5,999564,2018
Mesic Highveld Grassland_Floodplain,6,22896,2018
Mesic Highveld Grassland_Floodplain,7,151815,2018
Mesic Highveld Grassland_Seep,1,2655606,2018
Mesic Highveld Grassland_Seep,2,828888,2018
Mesic Highveld Grassland_Seep,3,58256,2018
Mesic Highveld Grassland_Seep,4,49733,2018
Mesic Highveld Grassland_Seep,5,239228,2018
Mesic Highveld Grassland_Seep,6,20391,2018
Mesic Highveld Grassland_Seep,7,109552,2018
Mesic Highveld Grassland_Unchannelled valley-bottom,1,612471,2018
Mesic Highveld Grassland_Unchannelled valley-bottom,2,155809,2018
Mesic Highveld Grassland_Unchannelled valley-bottom,3,22276,2018
Mesic Highveld Grassland_Unchannelled valley-bottom,4,8410,2018
Mesic Highveld Grassland_Unchannelled valley-bottom,5,90427,2018
Mesic Highveld Grassland_Unchannelled valley-bottom,6,2059,2018
Mesic Highveld Grassland_Unchannelled valley-bottom,7,10418,2018
Mopane_Depression,1,29112,2018
Mopane_Depression,2,1819,2018
Mopane_Depression,3,7,2018
Mopane_Depression,4,148,2018
Mopane_Depression,5,46,2018
Mopane_Depression,6,257,2018
Mopane_Depression,7,77,2018
Mopane_Floodplain,1,709233,2018
Mopane_Floodplain,2,34682,2018
Mopane_Floodplain,3,3652,2018
Mopane_Floodplain,4,7132,2018
Mopane_Floodplain,5,32393,2018
Mopane_Floodplain,6,193,2018
Mopane_Floodplain,7,67,2018
Mopane_Seep,1,2677,2018
Mopane_Seep,2,45,2018
Mopane_Seep,4,27,2018
Mopane_Seep,5,33,2018
Mopane_Unchannelled valley-bottom,1,117759,2018
Mopane_Unchannelled valley-bottom,2,564,2018
Mopane_Unchannelled valley-bottom,3,79,2018
Mopane_Unchannelled valley-bottom,4,8,2018
Mopane_Unchannelled valley-bottom,NA,3007,2018
Namaqualand_Depression,1,274199,2018
Namaqualand_Depression,2,1448,2018
Namaqualand_Depression,3,255,2018
Namaqualand_Depression,4,359,2018
Namaqualand_Depression,5,693,2018
Namaqualand_Depression,6,30469,2018
Northwest Fynbos_Depression,1,24840,2018
Northwest Fynbos_Depression,2,2561,2018
Northwest Fynbos_Depression,4,2,2018
Northwest Fynbos_Depression,5,887,2018
Northwest Fynbos_Depression,6,46,2018
Northwest Fynbos_Depression,7,29,2018
Northwest Fynbos_Floodplain,1,235349,2018
Northwest Fynbos_Floodplain,2,64855,2018
Northwest Fynbos_Floodplain,3,30810,2018
Northwest Fynbos_Floodplain,4,2066,2018
Northwest Fynbos_Floodplain,5,53837,2018
Northwest Fynbos_Floodplain,6,101,2018
Northwest Fynbos_Floodplain,7,3678,2018
Northwest Fynbos_Seep,1,56179,2018
Northwest Fynbos_Seep,2,13116,2018
Northwest Fynbos_Seep,3,1095,2018
Northwest Fynbos_Seep,4,472,2018
Northwest Fynbos_Seep,5,19433,2018
Northwest Fynbos_Seep,6,10,2018
Northwest Fynbos_Seep,7,786,2018
Northwest Fynbos_Unchannelled valley-bottom,1,7890,2018
Northwest Fynbos_Unchannelled valley-bottom,2,2705,2018
Northwest Fynbos_Unchannelled valley-bottom,3,58,2018
Northwest Fynbos_Unchannelled valley-bottom,4,49,2018
Northwest Fynbos_Unchannelled valley-bottom,5,6425,2018
Northwest Fynbos_Unchannelled valley-bottom,7,95,2018
Pondoland Coastal Belt_Floodplain,1,6225,2018
Pondoland Coastal Belt_Floodplain,2,1927,2018
Pondoland Coastal Belt_Floodplain,4,145,2018
Pondoland Coastal Belt_Floodplain,5,1086,2018
Pondoland Coastal Belt_Floodplain,7,83,2018
Pondoland Coastal Belt_Seep,1,27135,2018
Pondoland Coastal Belt_Seep,2,7529,2018
Pondoland Coastal Belt_Seep,3,16,2018
Pondoland Coastal Belt_Seep,4,1354,2018
Pondoland Coastal Belt_Seep,5,2707,2018
Pondoland Coastal Belt_Seep,6,13,2018
Pondoland Coastal Belt_Seep,7,323,2018
Pondoland Coastal Belt_Unchannelled valley-bottom,1,9143,2018
Pondoland Coastal Belt_Unchannelled valley-bottom,2,907,2018
Pondoland Coastal Belt_Unchannelled valley-bottom,3,3,2018
Pondoland Coastal Belt_Unchannelled valley-bottom,5,2040,2018
Pondoland Coastal Belt_Unchannelled valley-bottom,7,5,2018
Southern Fynbos_Depression,1,36822,2018
Southern Fynbos_Depression,2,613,2018
Southern Fynbos_Depression,4,8,2018
Southern Fynbos_Depression,5,51,2018
Southern Fynbos_Depression,6,20,2018
Southern Fynbos_Floodplain,1,297660,2018
Southern Fynbos_Floodplain,2,75920,2018
Southern Fynbos_Floodplain,3,6877,2018
Southern Fynbos_Floodplain,4,8862,2018
Southern Fynbos_Floodplain,5,183556,2018
Southern Fynbos_Floodplain,6,71,2018
Southern Fynbos_Floodplain,7,16807,2018
Southern Fynbos_Seep,1,183876,2018
Southern Fynbos_Seep,2,32970,2018
Southern Fynbos_Seep,3,2593,2018
Southern Fynbos_Seep,4,3117,2018
Southern Fynbos_Seep,5,29185,2018
Southern Fynbos_Seep,6,76,2018
Southern Fynbos_Seep,7,27103,2018
Southern Fynbos_Unchannelled valley-bottom,1,35966,2018
Southern Fynbos_Unchannelled valley-bottom,2,9133,2018
Southern Fynbos_Unchannelled valley-bottom,3,2778,2018
Southern Fynbos_Unchannelled valley-bottom,4,1590,2018
Southern Fynbos_Unchannelled valley-bottom,5,7234,2018
Southern Fynbos_Unchannelled valley-bottom,7,2668,2018
Southwest Fynbos_Depression,1,16290,2018
Southwest Fynbos_Depression,2,703,2018
Southwest Fynbos_Depression,3,145,2018
Southwest Fynbos_Depression,4,66,2018
Southwest Fynbos_Depression,5,137,2018
Southwest Fynbos_Depression,6,159,2018
Southwest Fynbos_Floodplain,1,524799,2018
Southwest Fynbos_Floodplain,2,145876,2018
Southwest Fynbos_Floodplain,3,39039,2018
Southwest Fynbos_Floodplain,4,21078,2018
Southwest Fynbos_Floodplain,5,145157,2018
Southwest Fynbos_Floodplain,6,32,2018
Southwest Fynbos_Floodplain,7,9918,2018
Southwest Fynbos_Seep,1,358419,2018
Southwest Fynbos_Seep,2,68889,2018
Southwest Fynbos_Seep,3,24491,2018
Southwest Fynbos_Seep,4,21224,2018
Southwest Fynbos_Seep,5,24050,2018
Southwest Fynbos_Seep,6,40,2018
Southwest Fynbos_Seep,7,10503,2018
Southwest Fynbos_Unchannelled valley-bottom,1,23616,2018
Southwest Fynbos_Unchannelled valley-bottom,2,5496,2018
Southwest Fynbos_Unchannelled valley-bottom,3,345,2018
Southwest Fynbos_Unchannelled valley-bottom,4,506,2018
Southwest Fynbos_Unchannelled valley-bottom,5,3733,2018
Southwest Fynbos_Unchannelled valley-bottom,7,992,2018
Sub-Escarpment Grassland_Depression,1,75531,2018
Sub-Escarpment Grassland_Depression,2,25741,2018
Sub-Escarpment Grassland_Depression,3,367,2018
Sub-Escarpment Grassland_Depression,4,2368,2018
Sub-Escarpment Grassland_Depression,5,10670,2018
Sub-Escarpment Grassland_Depression,6,85,2018
Sub-Escarpment Grassland_Depression,7,430,2018
Sub-escarpment Grassland_Floodplain,1,1410778,2018
Sub-escarpment Grassland_Floodplain,2,668846,2018
Sub-escarpment Grassland_Floodplain,3,143090,2018
Sub-escarpment Grassland_Floodplain,4,37047,2018
Sub-escarpment Grassland_Floodplain,5,698507,2018
Sub-escarpment Grassland_Floodplain,6,299,2018
Sub-escarpment Grassland_Floodplain,7,105072,2018
Sub-escarpment Grassland_Seep,1,1685463,2018
Sub-escarpment Grassland_Seep,2,780340,2018
Sub-escarpment Grassland_Seep,3,100295,2018
Sub-escarpment Grassland_Seep,4,86543,2018
Sub-escarpment Grassland_Seep,5,559016,2018
Sub-escarpment Grassland_Seep,6,1075,2018
Sub-escarpment Grassland_Seep,7,187566,2018
Sub-escarpment Grassland_Unchannelled valley-bottom,1,350675,2018
Sub-escarpment Grassland_Unchannelled valley-bottom,2,174226,2018
Sub-escarpment Grassland_Unchannelled valley-bottom,3,22892,2018
Sub-escarpment Grassland_Unchannelled valley-bottom,4,10994,2018
Sub-escarpment Grassland_Unchannelled valley-bottom,5,104405,2018
Sub-escarpment Grassland_Unchannelled valley-bottom,6,35,2018
Sub-escarpment Grassland_Unchannelled valley-bottom,7,18291,2018
Sub-escarpment Savanna_Depression,1,5483,2018
Sub-escarpment Savanna_Depression,2,1336,2018
Sub-escarpment Savanna_Depression,3,10,2018
Sub-escarpment Savanna_Depression,4,1624,2018
Sub-escarpment Savanna_Depression,5,1070,2018
Sub-escarpment Savanna_Depression,6,16,2018
Sub-escarpment Savanna_Depression,7,111,2018
Sub-escarpment Savanna_Floodplain,1,146309,2018
Sub-escarpment Savanna_Floodplain,2,108746,2018
Sub-escarpment Savanna_Floodplain,3,24283,2018
Sub-escarpment Savanna_Floodplain,4,20576,2018
Sub-escarpment Savanna_Floodplain,5,76823,2018
Sub-escarpment Savanna_Floodplain,6,30,2018
Sub-escarpment Savanna_Floodplain,7,54359,2018
Sub-escarpment Savanna_Seep,1,163356,2018
Sub-escarpment Savanna_Seep,2,114784,2018
Sub-escarpment Savanna_Seep,3,9409,2018
Sub-escarpment Savanna_Seep,4,38451,2018
Sub-escarpment Savanna_Seep,5,86293,2018
Sub-escarpment Savanna_Seep,6,147,2018
Sub-escarpment Savanna_Seep,7,67977,2018
Sub-escarpment Savanna_Unchannelled valley-bottom,1,15493,2018
Sub-escarpment Savanna_Unchannelled valley-bottom,2,14064,2018
Sub-escarpment Savanna_Unchannelled valley-bottom,3,577,2018
Sub-escarpment Savanna_Unchannelled valley-bottom,4,7087,2018
Sub-escarpment Savanna_Unchannelled valley-bottom,5,5555,2018
Sub-escarpment Savanna_Unchannelled valley-bottom,6,101,2018
Sub-escarpment Savanna_Unchannelled valley-bottom,7,5055,2018
West Coast_Depression,1,13639,2018
West Coast_Depression,2,561,2018
West Coast_Depression,4,372,2018
West Coast_Depression,5,254,2018
West Coast_Floodplain,1,280752,2018
West Coast_Floodplain,2,83127,2018
West Coast_Floodplain,3,7934,2018
West Coast_Floodplain,4,6901,2018
West Coast_Floodplain,5,116610,2018
West Coast_Floodplain,6,23,2018
West Coast_Floodplain,7,2275,2018
West Coast_Seep,1,48143,2018
West Coast_Seep,2,13989,2018
West Coast_Seep,3,773,2018
West Coast_Seep,4,3177,2018
West Coast_Seep,5,16292,2018
West Coast_Seep,6,324,2018
West Coast_Seep,7,224,2018
West Coast_Unchannelled valley-bottom,1,7934,2018
West Coast_Unchannelled valley-bottom,2,2580,2018
West Coast_Unchannelled valley-bottom,3,278,2018
West Coast_Unchannelled valley-bottom,4,145,2018
West Coast_Unchannelled valley-bottom,5,3357,2018
West Coast_Unchannelled valley-bottom,6,2,2018
West Coast_Unchannelled valley-bottom,7,186,2018
Albany Thicket_Depression,1,42631,2022
Albany Thicket_Depression,2,4710,2022
Albany Thicket_Depression,3,10121,2022
Albany Thicket_Depression,4,1267,2022
Albany Thicket_Depression,5,2302,2022
Albany Thicket_Depression,6,1106,2022
Albany Thicket_Depression,7,152,2022
Albany Thicket_Floodplain,1,43826,2022
Albany Thicket_Floodplain,2,6493,2022
Albany Thicket_Floodplain,3,456,2022
Albany Thicket_Floodplain,4,742,2022
Albany Thicket_Floodplain,5,20618,2022
Albany Thicket_Floodplain,7,66,2022
Albany Thicket_Seep,1,9308,2022
Albany Thicket_Seep,2,1022,2022
Albany Thicket_Seep,3,19,2022
Albany Thicket_Seep,4,567,2022
Albany Thicket_Seep,5,1797,2022
Albany Thicket_Seep,7,131,2022
Albany Thicket_Unchannelled valley-bottom,1,4866,2022
Albany Thicket_Unchannelled valley-bottom,2,653,2022
Albany Thicket_Unchannelled valley-bottom,3,101,2022
Albany Thicket_Unchannelled valley-bottom,4,378,2022
Albany Thicket_Unchannelled valley-bottom,5,4886,2022
Albany Thicket_Unchannelled valley-bottom,7,74,2022
Bushmanland_Depression,1,8018268,2022
Bushmanland_Depression,2,75645,2022
Bushmanland_Depression,3,10523,2022
Bushmanland_Depression,4,8466,2022
Bushmanland_Depression,5,56419,2022
Bushmanland_Depression,6,6653,2022
Bushmanland_Depression,7,428,2022
Bushmanland_Floodplain,1,480618,2022
Bushmanland_Floodplain,2,9362,2022
Bushmanland_Floodplain,3,1910,2022
Bushmanland_Floodplain,4,700,2022
Bushmanland_Floodplain,5,10135,2022
Bushmanland_Floodplain,6,203,2022
Bushmanland_Floodplain,7,137,2022
Bushmanland_Floodplain,NA,2,2022
Bushmanland_Seep,1,41797,2022
Bushmanland_Seep,2,49,2022
Bushmanland_Seep,3,4,2022
Bushmanland_Seep,4,53,2022
Bushmanland_Seep,5,57,2022
Bushmanland_Unchannelled valley-bottom,1,1704974,2022
Bushmanland_Unchannelled valley-bottom,2,52809,2022
Bushmanland_Unchannelled valley-bottom,3,2964,2022
Bushmanland_Unchannelled valley-bottom,4,2174,2022
Bushmanland_Unchannelled valley-bottom,5,4798,2022
Bushmanland_Unchannelled valley-bottom,6,281,2022
Bushmanland_Unchannelled valley-bottom,7,91,2022
Central Bushveld_Depression,1,102502,2022
Central Bushveld_Depression,2,18905,2022
Central Bushveld_Depression,3,2137,2022
Central Bushveld_Depression,4,2568,2022
Central Bushveld_Depression,5,4511,2022
Central Bushveld_Depression,6,1194,2022
Central Bushveld_Depression,7,454,2022
Central Bushveld_Floodplain,1,2509838,2022
Central Bushveld_Floodplain,2,541603,2022
Central Bushveld_Floodplain,3,116627,2022
Central Bushveld_Floodplain,4,63320,2022
Central Bushveld_Floodplain,5,659325,2022
Central Bushveld_Floodplain,6,1448,2022
Central Bushveld_Floodplain,7,9680,2022
Central Bushveld_Floodplain,NA,10169,2022
Central Bushveld_Seep,1,272656,2022
Central Bushveld_Seep,2,77198,2022
Central Bushveld_Seep,3,3569,2022
Central Bushveld_Seep,4,27650,2022
Central Bushveld_Seep,5,55163,2022
Central Bushveld_Seep,6,187,2022
Central Bushveld_Seep,7,8791,2022
Central Bushveld_Unchannelled valley-bottom,1,711183,2022
Central Bushveld_Unchannelled valley-bottom,2,167608,2022
Central Bushveld_Unchannelled valley-bottom,3,12415,2022
Central Bushveld_Unchannelled valley-bottom,4,18401,2022
Central Bushveld_Unchannelled valley-bottom,5,66235,2022
Central Bushveld_Unchannelled valley-bottom,6,1186,2022
Central Bushveld_Unchannelled valley-bottom,7,3483,2022
Drakensberg Grassland_Depression,1,25760,2022
Drakensberg Grassland_Depression,2,819,2022
Drakensberg Grassland_Depression,3,9,2022
Drakensberg Grassland_Depression,4,46,2022
Drakensberg Grassland_Depression,5,524,2022
Drakensberg Grassland_Depression,7,137,2022
Drakensberg Grassland_Floodplain,1,340547,2022
Drakensberg Grassland_Floodplain,2,59571,2022
Drakensberg Grassland_Floodplain,3,23518,2022
Drakensberg Grassland_Floodplain,4,1572,2022
Drakensberg Grassland_Floodplain,5,171378,2022
Drakensberg Grassland_Floodplain,6,12,2022
Drakensberg Grassland_Floodplain,7,2712,2022
Drakensberg Grassland_Seep,1,243177,2022
Drakensberg Grassland_Seep,2,26086,2022
Drakensberg Grassland_Seep,3,4157,2022
Drakensberg Grassland_Seep,4,2446,2022
Drakensberg Grassland_Seep,5,53274,2022
Drakensberg Grassland_Seep,6,6,2022
Drakensberg Grassland_Seep,7,12834,2022
Drakensberg Grassland_Unchannelled valley-bottom,1,27059,2022
Drakensberg Grassland_Unchannelled valley-bottom,2,3978,2022
Drakensberg Grassland_Unchannelled valley-bottom,3,2615,2022
Drakensberg Grassland_Unchannelled valley-bottom,4,107,2022
Drakensberg Grassland_Unchannelled valley-bottom,5,10390,2022
Drakensberg Grassland_Unchannelled valley-bottom,7,1427,2022
Dry Highveld Grassland_Depression,1,2440529,2022
Dry Highveld Grassland_Depression,2,209028,2022
Dry Highveld Grassland_Depression,3,87116,2022
Dry Highveld Grassland_Depression,4,4110,2022
Dry Highveld Grassland_Depression,5,223385,2022
Dry Highveld Grassland_Depression,6,5479,2022
Dry Highveld Grassland_Depression,7,11528,2022
Dry Highveld Grassland_Floodplain,1,2871883,2022
Dry Highveld Grassland_Floodplain,2,239863,2022
Dry Highveld Grassland_Floodplain,3,143611,2022
Dry Highveld Grassland_Floodplain,4,22223,2022
Dry Highveld Grassland_Floodplain,5,326364,2022
Dry Highveld Grassland_Floodplain,6,2681,2022
Dry Highveld Grassland_Floodplain,7,43992,2022
Dry Highveld Grassland_Seep,1,422187,2022
Dry Highveld Grassland_Seep,2,63121,2022
Dry Highveld Grassland_Seep,3,8843,2022
Dry Highveld Grassland_Seep,4,11681,2022
Dry Highveld Grassland_Seep,5,69930,2022
Dry Highveld Grassland_Seep,6,47,2022
Dry Highveld Grassland_Seep,7,8068,2022
Dry Highveld Grassland_Unchannelled valley-bottom,1,1589065,2022
Dry Highveld Grassland_Unchannelled valley-bottom,2,191356,2022
Dry Highveld Grassland_Unchannelled valley-bottom,3,64558,2022
Dry Highveld Grassland_Unchannelled valley-bottom,4,7327,2022
Dry Highveld Grassland_Unchannelled valley-bottom,5,181191,2022
Dry Highveld Grassland_Unchannelled valley-bottom,6,10474,2022
Dry Highveld Grassland_Unchannelled valley-bottom,7,17771,2022
East Coast Renosterveld_Depression,1,43781,2022
East Coast Renosterveld_Depression,2,1984,2022
East Coast Renosterveld_Depression,3,36,2022
East Coast Renosterveld_Depression,4,15,2022
East Coast Renosterveld_Depression,5,2903,2022
East Coast Renosterveld_Depression,7,17,2022
East Coast Renosterveld_Floodplain,1,409063,2022
East Coast Renosterveld_Floodplain,2,191150,2022
East Coast Renosterveld_Floodplain,3,8110,2022
East Coast Renosterveld_Floodplain,4,8881,2022
East Coast Renosterveld_Floodplain,5,248022,2022
East Coast Renosterveld_Floodplain,6,251,2022
East Coast Renosterveld_Floodplain,7,11104,2022
East Coast Renosterveld_Seep,1,111871,2022
East Coast Renosterveld_Seep,2,43668,2022
East Coast Renosterveld_Seep,3,1073,2022
East Coast Renosterveld_Seep,4,3400,2022
East Coast Renosterveld_Seep,5,44710,2022
East Coast Renosterveld_Seep,6,3,2022
East Coast Renosterveld_Seep,7,1111,2022
East Coast Renosterveld_Unchannelled valley-bottom,1,20588,2022
East Coast Renosterveld_Unchannelled valley-bottom,2,1797,2022
East Coast Renosterveld_Unchannelled valley-bottom,3,34,2022
East Coast Renosterveld_Unchannelled valley-bottom,4,70,2022
East Coast Renosterveld_Unchannelled valley-bottom,5,6173,2022
East Coast Renosterveld_Unchannelled valley-bottom,7,19,2022
Eastern Fynbos-Renosterveld_Depression,1,6467,2022
Eastern Fynbos-Renosterveld_Depression,2,1795,2022
Eastern Fynbos-Renosterveld_Depression,3,1,2022
Eastern Fynbos-Renosterveld_Depression,4,1464,2022
Eastern Fynbos-Renosterveld_Depression,5,843,2022
Eastern Fynbos-Renosterveld_Depression,6,2,2022
Eastern Fynbos-Renosterveld_Depression,7,108,2022
Eastern Kalahari Bushveld_Depression,1,2433507,2022
Eastern Kalahari Bushveld_Depression,2,80395,2022
Eastern Kalahari Bushveld_Depression,3,36424,2022
Eastern Kalahari Bushveld_Depression,4,4368,2022
Eastern Kalahari Bushveld_Depression,5,32537,2022
Eastern Kalahari Bushveld_Depression,6,10102,2022
Eastern Kalahari Bushveld_Depression,7,4456,2022
Eastern Kalahari Bushveld_Seep,1,613643,2022
Eastern Kalahari Bushveld_Seep,2,24291,2022
Eastern Kalahari Bushveld_Seep,3,12303,2022
Eastern Kalahari Bushveld_Seep,4,5435,2022
Eastern Kalahari Bushveld_Seep,5,50036,2022
Eastern Kalahari Bushveld_Seep,6,7117,2022
Eastern Kalahari Bushveld_Seep,7,1320,2022
Eastern Kalahari Bushveld_Unchannelled valley-bottom,1,845483,2022
Eastern Kalahari Bushveld_Unchannelled valley-bottom,2,57490,2022
Eastern Kalahari Bushveld_Unchannelled valley-bottom,3,14094,2022
Eastern Kalahari Bushveld_Unchannelled valley-bottom,4,7043,2022
Eastern Kalahari Bushveld_Unchannelled valley-bottom,5,30338,2022
Eastern Kalahari Bushveld_Unchannelled valley-bottom,6,3371,2022
Eastern Kalahari Bushveld_Unchannelled valley-bottom,7,1863,2022
Kalahari Duneveld_Depression,1,834257,2022
Kalahari Duneveld_Depression,2,13849,2022
Kalahari Duneveld_Depression,3,3692,2022
Kalahari Duneveld_Depression,4,2039,2022
Kalahari Duneveld_Depression,6,2631,2022
Karoo Interior_Depression,1,1612258,2022
Karoo Interior_Depression,2,31128,2022
Karoo Interior_Depression,3,9990,2022
Karoo Interior_Depression,4,636,2022
Karoo Interior_Depression,5,10819,2022
Karoo Interior_Depression,6,7746,2022
Karoo Interior_Depression,7,760,2022
Karoo Interior_Floodplain,1,2413684,2022
Karoo Interior_Floodplain,2,147154,2022
Karoo Interior_Floodplain,3,31441,2022
Karoo Interior_Floodplain,4,26484,2022
Karoo Interior_Floodplain,5,610155,2022
Karoo Interior_Floodplain,6,210,2022
Karoo Interior_Floodplain,7,4855,2022
Karoo Interior_Seep,1,202878,2022
Karoo Interior_Seep,2,5171,2022
Karoo Interior_Seep,3,1483,2022
Karoo Interior_Seep,4,824,2022
Karoo Interior_Seep,5,5482,2022
Karoo Interior_Seep,6,37,2022
Karoo Interior_Seep,7,186,2022
Karoo Interior_Unchannelled valley-bottom,1,480170,2022
Karoo Interior_Unchannelled valley-bottom,2,28653,2022
Karoo Interior_Unchannelled valley-bottom,3,5094,2022
Karoo Interior_Unchannelled valley-bottom,4,439,2022
Karoo Interior_Unchannelled valley-bottom,5,17853,2022
Karoo Interior_Unchannelled valley-bottom,6,87,2022
Karoo Interior_Unchannelled valley-bottom,7,162,2022
Knersvlakte_Depression,1,3409,2022
Knersvlakte_Depression,2,135,2022
Knersvlakte_Depression,3,320,2022
Knersvlakte_Depression,6,96,2022
Kwa-Zulu Natal Coastal Belt_Floodplain,1,58390,2022
Kwa-Zulu Natal Coastal Belt_Floodplain,2,31406,2022
Kwa-Zulu Natal Coastal Belt_Floodplain,3,1333,2022
Kwa-Zulu Natal Coastal Belt_Floodplain,4,49606,2022
Kwa-Zulu Natal Coastal Belt_Floodplain,5,26092,2022
Kwa-Zulu Natal Coastal Belt_Floodplain,6,52,2022
Kwa-Zulu Natal Coastal Belt_Floodplain,7,111,2022
Kwa-Zulu Natal Coastal Belt_Seep,1,14141,2022
Kwa-Zulu Natal Coastal Belt_Seep,2,14930,2022
Kwa-Zulu Natal Coastal Belt_Seep,3,2318,2022
Kwa-Zulu Natal Coastal Belt_Seep,4,19186,2022
Kwa-Zulu Natal Coastal Belt_Seep,5,66488,2022
Kwa-Zulu Natal Coastal Belt_Seep,7,926,2022
Kwa-Zulu Natal Coastal Belt_Unchannelled valley-bottom,1,16970,2022
Kwa-Zulu Natal Coastal Belt_Unchannelled valley-bottom,2,10439,2022
Kwa-Zulu Natal Coastal Belt_Unchannelled valley-bottom,3,2088,2022
Kwa-Zulu Natal Coastal Belt_Unchannelled valley-bottom,4,18489,2022
Kwa-Zulu Natal Coastal Belt_Unchannelled valley-bottom,5,19553,2022
Kwa-Zulu Natal Coastal Belt_Unchannelled valley-bottom,6,12,2022
Kwa-Zulu Natal Coastal Belt_Unchannelled valley-bottom,7,392,2022
Lowveld_Depression,1,175390,2022
Lowveld_Depression,2,21283,2022
Lowveld_Depression,3,238,2022
Lowveld_Depression,4,6423,2022
Lowveld_Depression,5,16719,2022
Lowveld_Depression,6,76,2022
Lowveld_Depression,7,5753,2022
Lowveld_Floodplain,1,1022346,2022
Lowveld_Floodplain,2,243373,2022
Lowveld_Floodplain,3,49599,2022
Lowveld_Floodplain,4,46778,2022
Lowveld_Floodplain,5,186244,2022
Lowveld_Floodplain,6,983,2022
Lowveld_Floodplain,7,14974,2022
Lowveld_Seep,1,323816,2022
Lowveld_Seep,2,160423,2022
Lowveld_Seep,3,7204,2022
Lowveld_Seep,4,23922,2022
Lowveld_Seep,5,55257,2022
Lowveld_Seep,6,241,2022
Lowveld_Seep,7,25893,2022
Lowveld_Unchannelled valley-bottom,1,89879,2022
Lowveld_Unchannelled valley-bottom,2,37296,2022
Lowveld_Unchannelled valley-bottom,3,4678,2022
Lowveld_Unchannelled valley-bottom,4,6457,2022
Lowveld_Unchannelled valley-bottom,5,23362,2022
Lowveld_Unchannelled valley-bottom,6,30,2022
Lowveld_Unchannelled valley-bottom,7,6738,2022
Maputaland Coastal Belt_Depression,1,477177,2022
Maputaland Coastal Belt_Depression,2,28550,2022
Maputaland Coastal Belt_Depression,3,2538,2022
Maputaland Coastal Belt_Depression,4,10683,2022
Maputaland Coastal Belt_Depression,5,6476,2022
Maputaland Coastal Belt_Depression,6,211,2022
Maputaland Coastal Belt_Depression,7,32177,2022
Maputaland Coastal Belt_Floodplain,1,862449,2022
Maputaland Coastal Belt_Floodplain,2,91365,2022
Maputaland Coastal Belt_Floodplain,3,13859,2022
Maputaland Coastal Belt_Floodplain,4,22152,2022
Maputaland Coastal Belt_Floodplain,5,318139,2022
Maputaland Coastal Belt_Floodplain,6,3602,2022
Maputaland Coastal Belt_Floodplain,7,89158,2022
Maputaland Coastal Belt_Seep,1,39457,2022
Maputaland Coastal Belt_Seep,2,14239,2022
Maputaland Coastal Belt_Seep,3,375,2022
Maputaland Coastal Belt_Seep,4,7871,2022
Maputaland Coastal Belt_Seep,5,4668,2022
Maputaland Coastal Belt_Seep,6,7,2022
Maputaland Coastal Belt_Seep,7,26936,2022
Maputaland Coastal Belt_Unchannelled valley-bottom,1,79819,2022
Maputaland Coastal Belt_Unchannelled valley-bottom,2,28325,2022
Maputaland Coastal Belt_Unchannelled valley-bottom,3,2308,2022
Maputaland Coastal Belt_Unchannelled valley-bottom,4,7584,2022
Maputaland Coastal Belt_Unchannelled valley-bottom,5,11699,2022
Maputaland Coastal Belt_Unchannelled valley-bottom,6,33,2022
Maputaland Coastal Belt_Unchannelled valley-bottom,7,16057,2022
Mesic Highveld Grassland_Depression,1,923242,2022
Mesic Highveld Grassland_Depression,2,159685,2022
Mesic Highveld Grassland_Depression,3,20925,2022
Mesic Highveld Grassland_Depression,4,7174,2022
Mesic Highveld Grassland_Depression,5,50140,2022
Mesic Highveld Grassland_Depression,6,7851,2022
Mesic Highveld Grassland_Depression,7,14174,2022
Mesic Highveld Grassland_Floodplain,1,8161056,2022
Mesic Highveld Grassland_Floodplain,2,1892377,2022
Mesic Highveld Grassland_Floodplain,3,375966,2022
Mesic Highveld Grassland_Floodplain,4,84339,2022
Mesic Highveld Grassland_Floodplain,5,1062269,2022
Mesic Highveld Grassland_Floodplain,6,19160,2022
Mesic Highveld Grassland_Floodplain,7,175947,2022
Mesic Highveld Grassland_Seep,1,2609981,2022
Mesic Highveld Grassland_Seep,2,815835,2022
Mesic Highveld Grassland_Seep,3,71170,2022
Mesic Highveld Grassland_Seep,4,47749,2022
Mesic Highveld Grassland_Seep,5,271031,2022
Mesic Highveld Grassland_Seep,6,18728,2022
Mesic Highveld Grassland_Seep,7,127160,2022
Mesic Highveld Grassland_Unchannelled valley-bottom,1,600731,2022
Mesic Highveld Grassland_Unchannelled valley-bottom,2,149786,2022
Mesic Highveld Grassland_Unchannelled valley-bottom,3,30844,2022
Mesic Highveld Grassland_Unchannelled valley-bottom,4,7942,2022
Mesic Highveld Grassland_Unchannelled valley-bottom,5,99438,2022
Mesic Highveld Grassland_Unchannelled valley-bottom,6,1852,2022
Mesic Highveld Grassland_Unchannelled valley-bottom,7,11277,2022
Mopane_Depression,1,28935,2022
Mopane_Depression,2,1894,2022
Mopane_Depression,3,87,2022
Mopane_Depression,4,176,2022
Mopane_Depression,5,91,2022
Mopane_Depression,6,206,2022
Mopane_Depression,7,77,2022
Mopane_Floodplain,1,705221,2022
Mopane_Floodplain,2,32709,2022
Mopane_Floodplain,3,4881,2022
Mopane_Floodplain,4,7229,2022
Mopane_Floodplain,5,37104,2022
Mopane_Floodplain,6,150,2022
Mopane_Floodplain,7,58,2022
Mopane_Seep,1,2673,2022
Mopane_Seep,2,42,2022
Mopane_Seep,4,28,2022
Mopane_Seep,5,39,2022
Mopane_Unchannelled valley-bottom,1,117720,2022
Mopane_Unchannelled valley-bottom,2,499,2022
Mopane_Unchannelled valley-bottom,3,188,2022
Mopane_Unchannelled valley-bottom,4,3,2022
Mopane_Unchannelled valley-bottom,NA,3007,2022
Namaqualand_Depression,1,273985,2022
Namaqualand_Depression,2,1600,2022
Namaqualand_Depression,3,256,2022
Namaqualand_Depression,4,368,2022
Namaqualand_Depression,5,709,2022
Namaqualand_Depression,6,30505,2022
Northwest Fynbos_Depression,1,24825,2022
Northwest Fynbos_Depression,2,2531,2022
Northwest Fynbos_Depression,4,5,2022
Northwest Fynbos_Depression,5,942,2022
Northwest Fynbos_Depression,6,34,2022
Northwest Fynbos_Depression,7,28,2022
Northwest Fynbos_Floodplain,1,231728,2022
Northwest Fynbos_Floodplain,2,68358,2022
Northwest Fynbos_Floodplain,3,28286,2022
Northwest Fynbos_Floodplain,4,4421,2022
Northwest Fynbos_Floodplain,5,54455,2022
Northwest Fynbos_Floodplain,6,140,2022
Northwest Fynbos_Floodplain,7,3308,2022
Northwest Fynbos_Seep,1,55587,2022
Northwest Fynbos_Seep,2,12809,2022
Northwest Fynbos_Seep,3,991,2022
Northwest Fynbos_Seep,4,601,2022
Northwest Fynbos_Seep,5,20151,2022
Northwest Fynbos_Seep,6,36,2022
Northwest Fynbos_Seep,7,916,2022
Northwest Fynbos_Unchannelled valley-bottom,1,7808,2022
Northwest Fynbos_Unchannelled valley-bottom,2,2658,2022
Northwest Fynbos_Unchannelled valley-bottom,3,46,2022
Northwest Fynbos_Unchannelled valley-bottom,4,53,2022
Northwest Fynbos_Unchannelled valley-bottom,5,6598,2022
Northwest Fynbos_Unchannelled valley-bottom,7,59,2022
Pondoland Coastal Belt_Floodplain,1,6213,2022
Pondoland Coastal Belt_Floodplain,2,1914,2022
Pondoland Coastal Belt_Floodplain,4,136,2022
Pondoland Coastal Belt_Floodplain,5,1114,2022
Pondoland Coastal Belt_Floodplain,7,89,2022
Pondoland Coastal Belt_Seep,1,27033,2022
Pondoland Coastal Belt_Seep,2,7553,2022
Pondoland Coastal Belt_Seep,3,26,2022
Pondoland Coastal Belt_Seep,4,1268,2022
Pondoland Coastal Belt_Seep,5,2813,2022
Pondoland Coastal Belt_Seep,6,8,2022
Pondoland Coastal Belt_Seep,7,376,2022
Pondoland Coastal Belt_Unchannelled valley-bottom,1,9119,2022
Pondoland Coastal Belt_Unchannelled valley-bottom,2,883,2022
Pondoland Coastal Belt_Unchannelled valley-bottom,3,1,2022
Pondoland Coastal Belt_Unchannelled valley-bottom,5,2058,2022
Pondoland Coastal Belt_Unchannelled valley-bottom,7,37,2022
Southern Fynbos_Depression,1,36798,2022
Southern Fynbos_Depression,2,608,2022
Southern Fynbos_Depression,3,30,2022
Southern Fynbos_Depression,4,8,2022
Southern Fynbos_Depression,5,59,2022
Southern Fynbos_Depression,6,11,2022
Southern Fynbos_Floodplain,1,293863,2022
Southern Fynbos_Floodplain,2,74422,2022
Southern Fynbos_Floodplain,3,8129,2022
Southern Fynbos_Floodplain,4,10305,2022
Southern Fynbos_Floodplain,5,186689,2022
Southern Fynbos_Floodplain,6,51,2022
Southern Fynbos_Floodplain,7,16294,2022
Southern Fynbos_Seep,1,182315,2022
Southern Fynbos_Seep,2,32431,2022
Southern Fynbos_Seep,3,3157,2022
Southern Fynbos_Seep,4,3378,2022
Southern Fynbos_Seep,5,30159,2022
Southern Fynbos_Seep,6,85,2022
Southern Fynbos_Seep,7,27395,2022
Southern Fynbos_Unchannelled valley-bottom,1,35665,2022
Southern Fynbos_Unchannelled valley-bottom,2,9045,2022
Southern Fynbos_Unchannelled valley-bottom,3,2783,2022
Southern Fynbos_Unchannelled valley-bottom,4,1571,2022
Southern Fynbos_Unchannelled valley-bottom,5,7630,2022
Southern Fynbos_Unchannelled valley-bottom,7,2675,2022
Southwest Fynbos_Depression,1,16253,2022
Southwest Fynbos_Depression,2,780,2022
Southwest Fynbos_Depression,3,155,2022
Southwest Fynbos_Depression,4,41,2022
Southwest Fynbos_Depression,5,147,2022
Southwest Fynbos_Depression,6,113,2022
Southwest Fynbos_Depression,7,11,2022
Southwest Fynbos_Floodplain,1,517956,2022
Southwest Fynbos_Floodplain,2,141962,2022
Southwest Fynbos_Floodplain,3,41481,2022
Southwest Fynbos_Floodplain,4,22808,2022
Southwest Fynbos_Floodplain,5,150809,2022
Southwest Fynbos_Floodplain,6,11,2022
Southwest Fynbos_Floodplain,7,10872,2022
Southwest Fynbos_Seep,1,355375,2022
Southwest Fynbos_Seep,2,56449,2022
Southwest Fynbos_Seep,3,36831,2022
Southwest Fynbos_Seep,4,21371,2022
Southwest Fynbos_Seep,5,26325,2022
Southwest Fynbos_Seep,6,35,2022
Southwest Fynbos_Seep,7,11230,2022
Southwest Fynbos_Unchannelled valley-bottom,1,23388,2022
Southwest Fynbos_Unchannelled valley-bottom,2,5473,2022
Southwest Fynbos_Unchannelled valley-bottom,3,410,2022
Southwest Fynbos_Unchannelled valley-bottom,4,494,2022
Southwest Fynbos_Unchannelled valley-bottom,5,3833,2022
Southwest Fynbos_Unchannelled valley-bottom,6,3,2022
Southwest Fynbos_Unchannelled valley-bottom,7,1087,2022
Sub-Escarpment Grassland_Depression,1,75128,2022
Sub-Escarpment Grassland_Depression,2,23136,2022
Sub-Escarpment Grassland_Depression,3,590,2022
Sub-Escarpment Grassland_Depression,4,2130,2022
Sub-Escarpment Grassland_Depression,5,13658,2022
Sub-Escarpment Grassland_Depression,6,76,2022
Sub-Escarpment Grassland_Depression,7,474,2022
Sub-escarpment Grassland_Floodplain,1,1368083,2022
Sub-escarpment Grassland_Floodplain,2,650466,2022
Sub-escarpment Grassland_Floodplain,3,180815,2022
Sub-escarpment Grassland_Floodplain,4,38829,2022
Sub-escarpment Grassland_Floodplain,5,712732,2022
Sub-escarpment Grassland_Floodplain,6,348,2022
Sub-escarpment Grassland_Floodplain,7,112366,2022
Sub-escarpment Grassland_Seep,1,1660433,2022
Sub-escarpment Grassland_Seep,2,753637,2022
Sub-escarpment Grassland_Seep,3,118570,2022
Sub-escarpment Grassland_Seep,4,87970,2022
Sub-escarpment Grassland_Seep,5,582102,2022
Sub-escarpment Grassland_Seep,6,842,2022
Sub-escarpment Grassland_Seep,7,196744,2022
Sub-escarpment Grassland_Unchannelled valley-bottom,1,346421,2022
Sub-escarpment Grassland_Unchannelled valley-bottom,2,165264,2022
Sub-escarpment Grassland_Unchannelled valley-bottom,3,25799,2022
Sub-escarpment Grassland_Unchannelled valley-bottom,4,11128,2022
Sub-escarpment Grassland_Unchannelled valley-bottom,5,113656,2022
Sub-escarpment Grassland_Unchannelled valley-bottom,6,27,2022
Sub-escarpment Grassland_Unchannelled valley-bottom,7,19223,2022
Sub-escarpment Savanna_Depression,1,5379,2022
Sub-escarpment Savanna_Depression,2,1516,2022
Sub-escarpment Savanna_Depression,3,19,2022
Sub-escarpment Savanna_Depression,4,1467,2022
Sub-escarpment Savanna_Depression,5,1075,2022
Sub-escarpment Savanna_Depression,6,10,2022
Sub-escarpment Savanna_Depression,7,184,2022
Sub-escarpment Savanna_Floodplain,1,143182,2022
Sub-escarpment Savanna_Floodplain,2,102922,2022
Sub-escarpment Savanna_Floodplain,3,29532,2022
Sub-escarpment Savanna_Floodplain,4,19916,2022
Sub-escarpment Savanna_Floodplain,5,81803,2022
Sub-escarpment Savanna_Floodplain,6,10,2022
Sub-escarpment Savanna_Floodplain,7,53761,2022
Sub-escarpment Savanna_Seep,1,161247,2022
Sub-escarpment Savanna_Seep,2,110698,2022
Sub-escarpment Savanna_Seep,3,12503,2022
Sub-escarpment Savanna_Seep,4,37544,2022
Sub-escarpment Savanna_Seep,5,89711,2022
Sub-escarpment Savanna_Seep,6,119,2022
Sub-escarpment Savanna_Seep,7,68595,2022
Sub-escarpment Savanna_Unchannelled valley-bottom,1,15332,2022
Sub-escarpment Savanna_Unchannelled valley-bottom,2,14017,2022
Sub-escarpment Savanna_Unchannelled valley-bottom,3,605,2022
Sub-escarpment Savanna_Unchannelled valley-bottom,4,7075,2022
Sub-escarpment Savanna_Unchannelled valley-bottom,5,5700,2022
Sub-escarpment Savanna_Unchannelled valley-bottom,6,100,2022
Sub-escarpment Savanna_Unchannelled valley-bottom,7,5103,2022
West Coast_Depression,1,13559,2022
West Coast_Depression,2,557,2022
West Coast_Depression,4,442,2022
West Coast_Depression,5,268,2022
West Coast_Floodplain,1,277150,2022
West Coast_Floodplain,2,81260,2022
West Coast_Floodplain,3,7886,2022
West Coast_Floodplain,4,8128,2022
West Coast_Floodplain,5,120491,2022
West Coast_Floodplain,6,31,2022
West Coast_Floodplain,7,2676,2022
West Coast_Seep,1,47422,2022
West Coast_Seep,2,13749,2022
West Coast_Seep,3,898,2022
West Coast_Seep,4,3437,2022
West Coast_Seep,5,16766,2022
West Coast_Seep,6,370,2022
West Coast_Seep,7,280,2022
West Coast_Unchannelled valley-bottom,1,7729,2022
West Coast_Unchannelled valley-bottom,2,2539,2022
West Coast_Unchannelled valley-bottom,3,320,2022
West Coast_Unchannelled valley-bottom,4,147,2022
West Coast_Unchannelled valley-bottom,5,3510,2022
West Coast_Unchannelled valley-bottom,7,237,2022
